Workbook

Sheet 论文表
A2: 表 4-2：A0–A8 组件消融实验完整测试结果
A4: 模型/变体 | B4: H3 | F4: H6 | J4: H10
B5: Score | C5: MAE | D5: RMSE | E5: R² | F5: Score | G5: MAE | H5: RMSE | I5: R² | J5: Score | K5: MAE | L5: RMSE | M5: R²
A6: A0 | B6: =数据明细!D6 -> 7.7836232 | C6: =数据明细!E6 -> 76.33943 | D6: =数据明细!F6 -> 117.75677 | E6: =数据明细!G6 -> 0.92047136 | F6: =数据明细!D7 -> 9.6844463 | G6: =数据明细!E7 -> 90.461715 | H6: =数据明细!F7 -> 138.81322 | I6: =数据明细!G7 -> 0.88948693 | J6: =数据明细!D8 -> 11.706391 | K6: =数据明细!E8 -> 105.41287 | L6: =数据明细!F8 -> 159.34114 | M6: =数据明细!G8 -> 0.8543832
A7: A1 | B7: =数据明细!D9 -> 8.5525967 | C7: =数据明细!E9 -> 85.879677 | D7: =数据明细!F9 -> 127.56605 | E7: =数据明细!G9 -> 0.90666985 | F7: =数据明细!D10 -> 10.149119 | G7: =数据明细!E10 -> 98.385674 | H7: =数据明细!F10 -> 147.45864 | I7: =数据明细!G10 -> 0.87529256 | J7: =数据明细!D11 -> 11.992752 | K7: =数据明细!E11 -> 111.97175 | L7: =数据明细!F11 -> 166.57409 | M7: =数据明细!G11 -> 0.84086324
A8: A2 | B8: =数据明细!D12 -> 8.3925168 | C8: =数据明细!E12 -> 82.416927 | D8: =数据明细!F12 -> 122.34238 | E8: =数据明细!G12 -> 0.91415686 | F8: =数据明细!D13 -> 10.185922 | G8: =数据明细!E13 -> 96.781464 | H8: =数据明细!F13 -> 144.19488 | I8: =数据明细!G13 -> 0.88075185 | J8: =数据明细!D14 -> 12.086724 | K8: =数据明细!E14 -> 111.83473 | L8: =数据明细!F14 -> 166.09728 | M8: =数据明细!G14 -> 0.84177299
A9: A3 | B9: =数据明细!D15 -> 8.6676724 | C9: =数据明细!E15 -> 80.414137 | D9: =数据明细!F15 -> 120.23157 | E9: =数据明细!G15 -> 0.91709346 | F9: =数据明细!D16 -> 10.750682 | G9: =数据明细!E16 -> 95.436682 | H9: =数据明细!F16 -> 141.60108 | I9: =数据明细!G16 -> 0.88500338 | J9: =数据明细!D17 -> 12.804321 | K9: =数据明细!E17 -> 110.56446 | L9: =数据明细!F17 -> 162.67659 | M9: =数据明细!G17 -> 0.84822308
A10: A4* | B10: =数据明细!D18 -> 8.6862882 | C10: =数据明细!E18 -> 87.20905 | D10: =数据明细!F18 -> 122.98051 | E10: =数据明细!G18 -> 0.91325902 | F10: =数据明细!D19 -> 10.273729 | G10: =数据明细!E19 -> 100.72851 | H10: =数据明细!F19 -> 144.48679 | I10: =数据明细!G19 -> 0.88026854 | J10: =数据明细!D20 -> 12.019996 | K10: =数据明细!E20 -> 115.02377 | L10: =数据明细!F20 -> 165.84431 | M10: =数据明细!G20 -> 0.84225457
A11: A5 | B11: =数据明细!D21 -> 8.6328014 | C11: =数据明细!E21 -> 85.17046 | D11: =数据明细!F21 -> 123.69645 | E11: =数据明细!G21 -> 0.91224614 | F11: =数据明细!D22 -> 10.251627 | G11: =数据明细!E22 -> 97.386386 | H11: =数据明细!F22 -> 144.29937 | I11: =数据明细!G22 -> 0.88057897 | J11: =数据明细!D23 -> 12.118879 | K11: =数据明细!E23 -> 110.79384 | L11: =数据明细!F23 -> 164.41945 | M11: =数据明细!G23 -> 0.84495348
A12: A6 | B12: =数据明细!D24 -> 8.2647428 | C12: =数据明细!E24 -> 81.724732 | D12: =数据明细!F24 -> 118.81341 | E12: =数据明细!G24 -> 0.91903773 | F12: =数据明细!D25 -> 9.8853082 | G12: =数据明细!E25 -> 94.130219 | H12: =数据明细!F25 -> 138.61071 | I12: =数据明细!G25 -> 0.88980915 | J12: =数据明细!D26 -> 11.787385 | K12: =数据明细!E26 -> 108.35148 | L12: =数据明细!F26 -> 158.89017 | M12: =数据明细!G26 -> 0.85520629
A13: A7* | B13: =数据明细!D27 -> 8.3182217 | C13: =数据明细!E27 -> 82.545205 | D13: =数据明细!F27 -> 118.36542 | E13: =数据明细!G27 -> 0.91964711 | F13: =数据明细!D28 -> 9.8539939 | G13: =数据明细!E28 -> 94.209143 | H13: =数据明细!F28 -> 137.98651 | I13: =数据明细!G28 -> 0.89079936 | J13: =数据明细!D29 -> 11.735154 | K13: =数据明细!E29 -> 107.63488 | L13: =数据明细!F29 -> 158.12905 | M13: =数据明细!G29 -> 0.85659016
A14: A8 | B14: =数据明细!D30 -> 8.8848281 | C14: =数据明细!E30 -> 89.504514 | D14: =数据明细!F30 -> 133.1762 | E14: =数据明细!G30 -> 0.89828032 | F14: =数据明细!D31 -> 10.329835 | G14: =数据明细!E31 -> 101.47805 | H14: =数据明细!F31 -> 152.50311 | I14: =数据明细!G31 -> 0.86661428 | J14: =数据明细!D32 -> 11.876275 | K14: =数据明细!E32 -> 113.78497 | L14: =数据明细!F32 -> 170.60372 | M14: =数据明细!G32 -> 0.83307068
A16: 注：Score、MAE、RMSE 越低越好，R² 越高越好；加粗表示各列最优值。* A4、A7 当前被标记为协议不一致，正式使用前应复核。

Sheet 数据明细
A2: A0–A8 组件消融实验数据明细
A3: 来源：各变体 metrics_eval_h3/h6/h10.json；A0 由 reference.json 指向 canonical 结果。
A5: 变体 | B5: 变体名称 | C5: 预测步长 | D5: Score | E5: MAE | F5: RMSE | G5: R² | H5: 实验状态 | I5: 协议一致
A6: A0 | B6: Canonical Full | C6: 3 | D6: 7.7836232 | E6: 76.33943 | F6: 117.75677 | G6: 0.92047136 | H6: completed | I6: 是
A7: A0 | B7: Canonical Full | C7: 6 | D7: 9.6844463 | E7: 90.461715 | F7: 138.81322 | G7: 0.88948693 | H7: completed | I7: 是
A8: A0 | B8: Canonical Full | C8: 10 | D8: 11.706391 | E8: 105.41287 | F8: 159.34114 | G8: 0.8543832 | H8: completed | I8: 是
A9: A1 | B9: w/o Spatial Graph | C9: 3 | D9: 8.5525967 | E9: 85.879677 | F9: 127.56605 | G9: 0.90666985 | H9: completed | I9: 是
A10: A1 | B10: w/o Spatial Graph | C10: 6 | D10: 10.149119 | E10: 98.385674 | F10: 147.45864 | G10: 0.87529256 | H10: completed | I10: 是
A11: A1 | B11: w/o Spatial Graph | C11: 10 | D11: 11.992752 | E11: 111.97175 | F11: 166.57409 | G11: 0.84086324 | H11: completed | I11: 是
A12: A2 | B12: w/o Adaptive Graph | C12: 3 | D12: 8.3925168 | E12: 82.416927 | F12: 122.34238 | G12: 0.91415686 | H12: completed | I12: 是
A13: A2 | B13: w/o Adaptive Graph | C13: 6 | D13: 10.185922 | E13: 96.781464 | F13: 144.19488 | G13: 0.88075185 | H13: completed | I13: 是
A14: A2 | B14: w/o Adaptive Graph | C14: 10 | D14: 12.086724 | E14: 111.83473 | F14: 166.09728 | G14: 0.84177299 | H14: completed | I14: 是
A15: A3 | B15: w/o Diffusion | C15: 3 | D15: 8.6676724 | E15: 80.414137 | F15: 120.23157 | G15: 0.91709346 | H15: completed | I15: 是
A16: A3 | B16: w/o Diffusion | C16: 6 | D16: 10.750682 | E16: 95.436682 | F16: 141.60108 | G16: 0.88500338 | H16: completed | I16: 是
A17: A3 | B17: w/o Diffusion | C17: 10 | D17: 12.804321 | E17: 110.56446 | F17: 162.67659 | G17: 0.84822308 | H17: completed | I17: 是
... A32: A8 | B32: w/o MS-MG-DWU | C32: 10 | D32: 11.876275 | E32: 113.78497 | F32: 170.60372 | G32: 0.83307068 | H32: completed | I32: 是
A34: 提示：A4、A7 的指标文件完整，但 experiment_status.json 标记为 failed_protocol_mismatch，正式使用前应复核对应配置。
